artikel_id,frage_nr,frage,musterloesung,fake_news_art
10,1,Wer wurde von Trump für das Amt des Justizministers nominiert?,Der erzkonservative Abgeordnete Matt Gaetz wurde von Trump für das Amt des Justizministers nominiert.,Fake Fact
10,2,Wie wird Gaetz in Bezug auf seine Verbindung zu Trump beschrieben?,Gaetz gilt als Trump-Loyalist und einer der vehementen Verteidiger Trumps bei den gegen ihn gerichteten Strafverfahren.,Framing
10,3,Wie wurde die Nominierung von Gaetz zum Justizminister von seinen Kongresskollegen aufgenommen?,"Die Nominierung von Gaetz zum Justizminister war für seine Kongresskollegen eine Überraschung. Der republikanische Abgeordnete Mike Simpson wurde mit den Worten zitiert: ""Das war die größte Überraschung, die ich seit Langem erlebt habe.""",Exaggeration
11,1,"Wer wurde von Donald Trump als ""Grenzzar"" ernannt, um sich um die Grenzsicherung und die Abschiebung von Flüchtlingen zu kümmern?","Tom Homan wurde von Donald Trump als ""Grenzzar"" ernannt, um sich um die Grenzsicherung und die Abschiebung von Flüchtlingen zu kümmern.",Fake Fact
11,2,"Wie hat Trump seine Entscheidung für den ""Grenzzar"" Tom Homan begründet?","Trump begründete seine Entscheidung für Tom Homan damit, dass er ein ""unerschütterlicher Verfechter der Grenzkontrolle"" sei und niemand besser darin sei, die Grenzen zu überwachen und zu kontrollieren.",Framing
11,3,Was waren Trumps Pläne in Bezug auf Abschiebungen am ersten Tag seiner neuen Präsidentschaft?,"Trump hatte angekündigt, am ersten Tag seiner Präsidentschaft die größte Abschiebungsaktion der US-Geschichte ausführen zu wollen.",Exaggeration
12,1,"Welche Gruppen plant Donald Trump vorrangig abzuschieben nach seiner Ankündigung, die größte Abschiebungsaktion zu starten?",Donald Trump plant vorrangig die Abschiebung von illegal eingewanderten Straftätern zu beginnen.,Fake Fact
12,2,Welche Position wird Stephen Miller in der kommenden Regierung einnehmen und welche Rolle spielt er im Kontext der Einwanderungspolitik?,Stephen Miller soll stellvertretender Stabschef im Weißen Haus werden und gilt als geistiger Architekt von Trumps Anti-Einwanderungspolitik.,Framing
12,3,"Welche finanziellen Herausforderungen werden durch das geplante Abschiebeprogramm entstehen, und wie gedenkt Trump diese zu bewältigen?","Das Abschiebeprogramm wird geschätzt, mehr als 88 Milliarden Dollar pro Jahr zu kosten. Trump plant, Gelder aus anderen Regierungsprogrammen umzuschichten, um die Kosten zu decken, obwohl dies nicht ausreichen wird.",Exaggeration
13,1,Welche Universität hat Scott Bessent besucht?,Scott Bessent hat die Eliteuniversität Yale besucht.,Fake Fact
13,2,"In welcher Position diente Pam Bondi, bevor sie für das Amt des Justizministers nominiert wurde?",Pam Bondi diente zwei Amtsperioden lang als Floridas Erste Generalstaatsanwältin.,Framing
13,3,Welche Rolle übernimmt Karoline Leavitt in der neuen Administration von Trump?,Karoline Leavitt wird die Pressesprecherin des Weißen Hauses.,Exaggeration
14,1,Welche Rolle wird Brendan Carr in der US-Medienaufsichtsbehörde FCC gemäß dem Willen des designierten US-Präsidenten Donald Trump einnehmen?,Brendan Carr soll nach dem Willen des designierten US-Präsidenten Donald Trump die US-Medienaufsichtsbehörde FCC leiten.,Fake Fact
14,2,"Welche Technologieunternehmen kritisiert Brendan Carr im Kontext des sogenannten ""Zensurkartells""?","Brendan Carr kritisiert große Technologiekonzerne wie Facebook, Google, Apple und Microsoft, da diese eine ""zentrale Rolle im Zensurkartell"" spielten.",Framing
14,3,Welche Maßnahmen hat Carr laut FCC zur Modernisierung der Infrastruktur und zum Ausbau der Hochgeschwindigkeitsnetze beigetragen?,"Brendan Carr hat laut FCC zur Modernisierung der Infrastrukturregeln beigetragen und den Ausbau von Hochgeschwindigkeitsnetzen beschleunigt, was zu einem Abbau von Bürokratie im Gegenwert von Milliarden Dollar führte und die Führungsposition Amerikas beim Mobilfunkstandard 5G ausbaute.",Exaggeration
15,1,Aus welchem Bundesstaat stammt Karoline Leavitt?,Karoline Leavitt stammt aus dem Bundesstaat New Hampshire.,Fake Fact
15,2,Wie wurde die Aussetzung der Pressebriefings während Trumps erster Amtszeit im Originalartikel beschrieben?,"Im Originalartikel wird beschrieben, dass in Trumps erster Amtszeit zeitweise keine Pressebriefings des Weißen Hauses stattfanden, und eine damalige Sprecherin, Stephanie Grisham, den Posten verließ, ohne ein einziges Pressebriefing gegeben zu haben.",Framing
15,3,Welche Position soll Karoline Leavitt im Weißen Haus übernehmen?,Karoline Leavitt soll die Position der Pressesprecherin des Weißen Hauses übernehmen.,Exaggeration
16,1,Welche Einschätzung gab Chris Wright in einem Video auf LinkedIn zur Klimakrise ab?,"Chris Wright sagte in einem Video auf LinkedIn, dass „es keine Klimakrise gibt, und wir uns bei der Energie auch nicht in einem Umbruch befinden“.",Fake Fact
16,2,Wie verglich Chris Wright den Kampf der Demokraten gegen die globale Erwärmung?,Chris Wright verglich den Kampf der Demokraten gegen die globale Erwärmung mit dem Sowjet-Kommunismus.,Framing
16,3,"Welche Risiken sind mit der Fracking-Methode verbunden, die von Umweltschützern hervorgehoben werden?","Die Fracking-Methode ist aufgrund der hohen Risiken, die mit ihr verbunden sind, bei einigen Umweltschützern stark umstritten.",Exaggeration
17,1,Welche konkrete Maßnahme in der Gesundheitspolitik hat Trump für Robert F. Kennedy angekündigt?,"Trump hat angekündigt, Robert F. Kennedy Jr. mit der Verbesserung der Kindergesundheit zu betrauen.",Fake Fact
17,2,Welche Themen vertreten Robert F. Kennedy laut dem Originalartikel häufig in seinen Aussagen?,"Robert F. Kennedy äußert häufig die Meinung, dass Impfstoffe gegen Covid-19 gefährlich seien und bei Kindern zu Autismus führen könnten, und er glaubt, dass Antidepressiva und WLAN negative Auswirkungen haben.",Framing
17,3,Welche Position soll Doug Burgum in Trumps zukünftiger Regierungsmannschaft übernehmen?,Doug Burgum soll Innenminister im Kabinett von Trumps zukünftiger Regierungsmannschaft werden.,Exaggeration
18,1,Wen ernannte Donald Trump als Stabschefin im Weißen Haus in seiner ersten Personalentscheidung nach dem Wahlsieg?,Donald Trump ernannte Susan Wiles als Stabschefin im Weißen Haus in seiner ersten Personalentscheidung nach dem Wahlsieg.,Fake Fact
18,2,Wie wird Susan Wiles in Bezug auf ihre Arbeit im Wahlkampf beschrieben?,"Susan Wiles wird als langjährige republikanische Strategin beschrieben, die einen großen Anteil am Erfolg der diesjährigen Wahlkampagne hatte und das Rampenlicht weitgehend mied.",Framing
18,3,Welche Rolle hat das Amt der Stabschefin im Weißen Haus?,"Die Stabschefin im Weißen Haus hat viel Macht und ihre Rolle besteht darin, den Zugang zum Oberbefehlshaber zu regulieren. Es ist eine Schlüsselposition für jede Regierung.",Exaggeration
19,1,"Wie hoch sind die Herstellungskosten der beiden US-Großmeiler in Georgia, die derzeit gebaut werden?",Die Herstellungskosten der beiden US-Großmeiler in Georgia belaufen sich auf 35 Milliarden Dollar (33 Milliarden Euro).,Fake Fact
19,2,"Welche Haltung hat Donald Trump zu den ""Small Modular Reactors"" (SMR) in Bezug auf die Energiewende?","Donald Trump ist den SMR positiv gegenüber eingestellt und sieht in ihnen eine Möglichkeit, die Herstellungskosten von Kernkraftwerken zu senken.",Framing
19,3,Wie hat sich die gesellschaftliche Akzeptanz für den Ausbau der Kernenergie in den USA seit 2016 entwickelt?,"Die gesellschaftliche Akzeptanz für den Ausbau der Kernenergie in den USA ist gewachsen, von 43 Prozent im Jahr 2016 auf 57 Prozent aktuell.",Exaggeration
1,1,Wie viel Geld versprach Präsident Biden für den Schutz des Amazonas-Regenwaldes?,Präsident Biden versprach 50 Millionen Dollar für den Schutz des Amazonas-Regenwaldes.,Fake Fact
1,2,Wie bezeichnete Donald Trump in seiner Wahlkampagne den Klimawandel?,Donald Trump bezeichnete in seiner Wahlkampagne den Klimawandel als einen großen Schwindel.,Framing
1,3,In welchem Kontext könnten Präsident Bidens Entscheidungen in Bezug auf die Ukraine als riskant angesehen werden?,"Präsident Bidens Entscheidung, der Ukraine Raketen mit größerer Reichweite zu erlauben, könnte als riskant angesehen werden, da Trump die Ukraine-Hilfen möglicherweise stoppen könnte.",Exaggeration
20,1,Welche Position vertritt Bear Atwood in der Nationalen Frauenorganisation (NOW)?,Bear Atwood ist Vizepräsidentin der Nationalen Frauenorganisation (NOW).,Fake Fact
20,2,"Was ist das ursprüngliche Zitat von Nick Fuentes über Frauen, das im Originalartikel genannt wird?","Das Zitat von Nick Fuentes, das im Originalartikel genannt wird, lautet: ""Your body, my choice"" - dein Körper, meine Entscheidung.",Framing
20,3,Welche Bedrohung empfinden Frauenrechtlerinnen wie Bear Atwood nach der Trump-Wahl laut dem Originalartikel?,"Frauenrechtlerinnen wie Bear Atwood befürchten, dass sie im Kampf um ihre Rechte weit zurückgeworfen werden und die Fortschritte für die Gleichberechtigung in Gefahr sind.",Exaggeration
21,1,"Welche berufliche Erfahrung hat John Cornyn, die ihm für eine Spitzenposition im Senat qualifiziert?",John Cornyn ist ein Rechtsanwalt aus Texas und sitzt seit 22 Jahren im Senat. Er hat Erfahrung an der Spitze der Fraktion.,Fake Fact
21,2,Welche Reaktion wird von John Thune bezüglich der Einmischung von Donald Trump erwartet?,"John Thune möchte keine Einmischung von außen und wünscht sich, dass Trump die Angelegenheit ruhen lässt, damit die richtige Person gefunden wird.",Framing
21,3,"Was könnte Rick Scott, trotz Unterstützung aus dem Trump-Lager, bei der Abstimmung schaden?","Trotz Unterstützung aus dem Trump-Lager könnte es ihm schaden, dass andere Senatoren die Einflussnahme von Trump als problematisch betrachten könnten.",Exaggeration
22,1,Wie erhalten die meisten US-Amerikaner laut Anne Applebaum ihre Nachrichten und Informationen?,"Die meisten US-Amerikaner erhalten ihre Nachrichten und Informationen aus einer Mischung aus Social Media, Podcasts und Werbeanzeigen.",Fake Fact
22,2,Welche politische Mehrheit haben die Republikaner derzeit in den USA laut Anne Applebaum?,Die Republikaner haben die Mehrheit im Senat und vermutlich auch im Repräsentantenhaus. Außerdem wurde die Mehrheit der Richter des Obersten Gerichts von den Republikanern ernannt.,Framing
22,3,Welche radikale politische Veränderung wird gemäß Anne Applebaum von Trump und seinem Team angestrebt?,"Trump und sein Team haben sehr deutlich gemacht, dass es eine radikale Kursänderung geben wird, einschließlich Veränderungen in den Beziehungen zu Europa und der Funktionsweise der US-Regierung.",Exaggeration
23,1,"Wo plant Donald Trump, die Regierungsgeschäfte während seiner Amtszeit zu führen?","Donald Trump plant nicht, die Regierungsgeschäfte aus einem geheimen Bunker in Nevada zu führen. Laut dem Artikel gibt es keine Verlegung des Regierungssitzes.",Fake Fact
23,2,Welche Kommunikationsmaßnahme ergriff Donald Trump in Vorbereitung auf seine Präsidentschaft bezüglich der internationalen Lage?,"Donald Trump griff zum Telefonhörer, um Russlands Präsidenten Wladimir Putin vor einer weiteren Eskalation im Ukrainekrieg zu warnen, was als ungewöhnlich für einen designierten Präsidenten bezeichnet wird.",Framing
23,3,Welche Strategie verfolgt Donald Trump bei der Neubesetzung von Regierungsposten?,"Donald Trump verfolgt die Strategie, möglichst schnell hundertprozentig loyale Mitarbeiter, nicht nur im Kabinett oder in seinem Stab im Weißen Haus, sondern auch auf den unteren Ebenen in den Behörden, zu installieren.",Exaggeration
24,1,"Welches Wahlergebnis hat Donald Trump in der Wahlleute-Versammlung, dem Electoral College, erzielt?","Donald Trump hat in der Wahlleute-Versammlung, dem Electoral College, die Mehrheit der Stimmen erzielt.",Fake Fact
24,2,Welche Rolle spielen Senatoren in Bezug auf Trumps Kabinettsposten laut dem Originalartikel?,"Senatoren müssen Trumps Kabinettsposten von der zweiten Kongresskammer abgesegnen lassen, und einige haben signalisiert, dass sie ihn bei umstrittenen Personalien unterstützen werden.",Framing
24,3,"Welche Maßnahmen hat Trump in seiner ersten Amtszeit ergriffen, um seine Macht zu sichern?","In seiner ersten Amtszeit hat Trump den Supreme Court mit konservativen Richtern besetzt, was ihm richterlich weitreichende Immunität verschafft.",Exaggeration
25,1,Wie viele Stimmen im Wahlleutegremium erhielt Donald Trump laut dem Artikel?,Donald Trump erhielt insgesamt 312 Stimmen im Wahlleutegremium.,Fake Fact
25,2,Welche Bedeutung hat der Gewinn der Mehrheit im Senat für Trump und die Republikaner?,"Der Gewinn der Mehrheit im Senat bedeutet für Trump und die Republikaner, dass sie ohne Widerstand aus dem Senat regieren können, da sie bereits die Mehrheit in dieser Kongresskammer haben.",Framing
25,3,Wann tritt Donald Trump sein neues Präsidentenamt an?,Donald Trump tritt das Präsidentenamt am 20. Januar an.,Exaggeration
26,1,Wann tritt Donald Trump sein Amt als Präsident an?,Donald Trump tritt am 20. Januar sein Amt als Präsident an.,Fake Fact
26,2,"Was ist der übliche Umgang bei Machtwechseln in den USA, insbesondere im Zusammenhang mit dem Weißen Haus?","Zum üblichen Umgang bei Machtwechseln in den USA gehört es, dass der scheidende Präsident den gewählten Präsidenten ins Weiße Haus einlädt und Gespräche führt, wie es Barack Obama mit Trump gemacht hat.",Framing
26,3,Welche Staaten wurden bei der diesjährigen Präsidentschaftswahl als entscheidend eingestuft?,"Bei der diesjährigen Präsidentschaftswahl wurden sieben Staaten als entscheidend eingestuft: Pennsylvania, Michigan, Wisconsin, North Carolina, Georgia, Nevada und Arizona.",Exaggeration
27,1,"Welchen Betrag haben sich die USA und andere Staaten im Jahr 2009 bereit erklärt, jährlich bis 2020 für die Klimafinanzierung zur Verfügung zu stellen?","Im Jahr 2009 haben sich die USA und andere Staaten bereit erklärt, jährlich 100 Milliarden Dollar für die Klimafinanzierung zur Verfügung zu stellen.",Fake Fact
27,2,Wie werden die USA laut dem Politikwissenschaftler Ole Adolphsen bei der Weltklimakonferenz in Baku auftreten?,"Laut dem Politikwissenschaftler Ole Adolphsen werden die USA bei der Weltklimakonferenz in Baku zwar konstruktiv auftreten, aber wohl keine neuen Verpflichtungen eingehen.",Framing
27,3,"Welche Maßnahme wird unter Trump im Hinblick auf Emissionssenkungen bis 2030 als notwendig angesehen, um das Ziel zu erreichen?","Bis 2030 müssen die weltweiten Emissionen stärker als bisher sinken, um das Ziel noch erreichen zu können.",Exaggeration
28,1,Was war das Hauptmotiv des Iran für den geplanten Anschlag auf Donald Trump laut der Anklageschrift des Justizministeriums?,Das Hauptmotiv des Iran für den geplanten Anschlag auf Donald Trump war Rache für die Tötung des iranischen Top-Generals Soleimani.,Fake Fact
28,2,Wie reagierte der Iran offiziell auf Berichte über das mutmaßliche Mordkomplott gegen Donald Trump?,Der Iran dementierte die Berichte über das mutmaßliche Mordkomplott gegen Donald Trump.,Framing
28,3,Welche Maßnahmen ergriff das US-Militär 2020 auf Anweisung von Donald Trump in Bezug auf den iranischen General Kassem Soleimani?,"Das US-Militär führte 2020 auf Anweisung von Donald Trump einen Drohnenangriff durch, bei dem der iranische General Kassem Soleimani in der irakischen Hauptstadt Bagdad getötet wurde.",Exaggeration
29,1,Welchen Gegner glaubte Joe Biden bei der Wahl schlagen zu können?,"Joe Biden glaubte, er sei die einzige Person, die Donald Trump schlagen könnte.",Fake Fact
29,2,Was forderte der demokratische Senator Chris Coons bezüglich der Wahlniederlage der Demokratischen Partei?,"Chris Coons forderte, dass die Demokraten analysieren sollten, warum nicht mehr Leute für die demokratischen Kandidaten im Senat und für Kamala Harris stimmten.",Framing
29,3,Welche Probleme erkannte der unabhängige Senator Bernie Sanders in der Wahlkampagne der Demokraten?,"Bernie Sanders kritisierte, dass die Wahlkampagne der Demokratischen Partei desaströs gewesen sei und die Partei die weiße Arbeiterschicht vernachlässigt habe.",Exaggeration
2,1,Wer ist Donald Trumps Kandidat für den Botschafterposten in Israel und welche Position vertritt er in Bezug auf die Zwei-Staaten-Lösung?,"Donald Trumps Kandidat für den Botschafterposten in Israel ist Mike Huckabee. Er vertritt die Position, dass es keine palästinensische Identität gibt und lehnt daher eine Zwei-Staaten-Lösung ab.",Fake Fact
2,2,Wer repräsentiert die USA bei den Vereinten Nationen und welche politische Rolle hat diese Person in der Vergangenheit gespielt?,Die USA werden bei den Vereinten Nationen von Elise Stefanik repräsentiert. In der Vergangenheit hat sie Trump während des ersten Amtsenthebungsverfahrens aggressiv verteidigt.,Framing
2,3,Was ist der Schwerpunkt von Marco Rubio als künftiger Außenminister der USA?,"Der Schwerpunkt von Marco Rubio als künftiger Außenminister liegt auf Lateinamerika, insbesondere auf der Kontrolle der Migration über die Grenze zu Mexiko.",Exaggeration
30,1,"Wie hoch war der Anteil der Wähler in Kalifornien, die bei der aktuellen Wahl für Donald Trump gestimmt haben?",40 Prozent der Wähler in Kalifornien stimmten bei der aktuellen Wahl für Donald Trump.,Fake Fact
30,2,"Welche Maßnahmen plant die kalifornische Regierung, um ihre Gesetze vor möglichen Angriffen aus Washington zu schützen?","Die kalifornische Regierung plant, sich juristisch gegen Maßnahmen der Bundespolitik zu Themen wie Abtreibung, Einwanderung und Klimawandel zu wehren.",Framing
30,3,Wie viele Klagen haben demokratische Bundesstaaten gegen die Trump-Regierung während seiner ersten Amtszeit gewonnen?,Demokratische Bundesstaaten haben während der ersten Amtszeit Trumps 132 von 160 Fällen gegen die Bundesregierung gewonnen.,Exaggeration
31,1,Was hat Biden über den Übergang zu seinem Nachfolger gesagt?,"Biden versprach einen ""friedlichen und geordneten"" Übergang zu seinem Nachfolger Donald Trump.",Fake Fact
31,2,Wie beschrieb Biden die US-Wahlen in seiner Rede?,"Biden beschrieb die US-Wahlen als ""ehrlich, fair und transparent"" und betonte die Notwendigkeit, die politische Temperatur zu senken.",Framing
31,3,Vor welcher Gefahr warnte Biden in Bezug auf Trump?,"Biden warnte davor, dass Trump eine Gefahr für die US-Demokratie darstellen könnte.",Exaggeration
32,1,Welche Maßnahme versprach Kamala Harris nach ihrer Wahlniederlage zu gewährleisten?,"Kamala Harris versprach, eine friedliche Machtübergabe sicherzustellen.",Fake Fact
32,2,Wie betonte Kamala Harris das Prinzip der Demokratie in ihrer Rede?,"Kamala Harris betonte, dass ein Grundprinzip der US-Demokratie darin bestehe, das Ergebnis einer Wahl zu akzeptieren, wenn man verliert. Dies unterscheide eine Demokratie von einer Monarchie oder Tyrannei.",Framing
32,3,Was sagte Kamala Harris zu ihren Anhängern in Bezug auf die Zukunft nach der Wahlniederlage?,"Kamala Harris sagte zu ihren Anhängern, sie sollten nicht verzweifeln, die Hände nicht in den Schoß legen und die Ärmel hochkrempeln, um weiterzukämpfen und den Mut nicht zu verlieren.",Exaggeration
33,1,Wie viel Entwicklungshilfe zahlen die USA für Staaten in Afrika laut dem Originalartikel?,Laut dem Originalartikel zahlen die USA rund 66 Milliarden US-Dollar an Entwicklungshilfe für Staaten in Afrika.,Fake Fact
33,2,Welche Ansicht vertritt Donald Trump laut dem Originalartikel in Bezug auf die US-amerikanische Entwicklungshilfe?,"Laut dem Originalartikel vertritt Donald Trump die Ansicht, dass die USA nicht für andere Menschen zahlen sollten, sondern nur für ihre eigenen Leute.",Framing
33,3,Welche Rolle spielt China im Kontext der US-Afrikapolitik gemäß dem Originalartikel?,"Laut dem Originalartikel ist China derzeit Afrikas größter Handels- und Investitionspartner, und Trumps Interesse an Afrika war bislang eher bescheiden.",Exaggeration
34,1,Wie veränderte sich der mexikanische Peso nach Donald Trumps Wahlsieg?,"Der mexikanische Peso sank auf den schwächsten Stand seit über zwei Jahren. Zum ersten Mal seit August 2022 fiel die Währung kurzzeitig auf 20,8038 pro US-Dollar, was mehr als 3 Prozent unter seinem vorherigen Schlusskurs lag.",Fake Fact
34,2,Was ist die Einstellung der mexikanischen Präsidentin Claudia Sheinbaum bezüglich der Beziehung zu den USA unter der Präsidentschaft von Donald Trump?,Die mexikanische Präsidentin Claudia Sheinbaum beschwor im Vertrauen auf eine gute Beziehung die gute Nachbarschaft zu den USA.,Framing
34,3,Welche maximale Höhe der Strafzölle drohte Donald Trump gegenüber Mexiko im Falle der Nichteinhaltung seiner Forderungen?,"Donald Trump drohte, die Strafzölle schrittweise auf 25 Prozent, dann 50 Prozent und schließlich auf 75 Prozent zu erhöhen.",Exaggeration
35,1,"Was waren die Bedenken der europäischen Staaten im Hinblick auf Trumps Drohung, die Ukraine-Hilfen zu beenden?","Die europäischen Staaten befürchteten, dass Trump die Ukraine-Hilfen beenden könnte, um die Ukraine in Verhandlungen mit Russland zu zwingen. Dies wäre ein gefährlicher Tabu-Bruch und könnte Putin zu weiteren Aggressionen verleiten.",Fake Fact
35,2,Welche Meinung äußerte EU-Kommissionspräsidentin Ursula von der Leyen auf dem Gipfel in Budapest bezüglich der Unabhängigkeit Europas?,"Ursula von der Leyen betonte, dass Europa seine Zukunft selber in die Hand nehmen müsse und seine Verteidigungsfähigkeit ausbauen sollte, um von Autokraten eine klare Botschaft zu senden, dass nicht das Recht des Stärkeren gilt.",Framing
35,3,Wie reagierte der ungarische Regierungschef Viktor Orban auf Trumps Wiederwahl und welche Bedenken äußerte er?,"Viktor Orban sah in Trumps Wiederwahl eine Chance für einen schnellen Frieden in der Ukraine und stellte die Frage, ob Europa die finanzielle und militärische Unterstützung für die Ukraine allein schultern könnte. Er forderte eine neue europäische Ukraine-Strategie.",Exaggeration
36,1,"Was ist das Ziel der von der EU-Kommissionspräsidentin Ursula von der Leyen eingerichteten ""Trump-Task-Force""?","Das Ziel der von der EU-Kommissionspräsidentin Ursula von der Leyen eingerichteten ""Trump-Task-Force"" ist, zu verhindern, dass Trump die EU spalten könnte und um Maßnahmen schnell ergreifen zu können, falls er einen Handelskrieg mit der EU anzettelt.",Fake Fact
36,2,Wie wurde die EU-Kommissionspräsidentin Ursula von der Leyen gegenüber Donald Trump in Bezug auf die zukünftige Zusammenarbeit beschrieben?,"Die EU-Kommissionspräsidentin Ursula von der Leyen wurde gegenüber Donald Trump in Bezug auf die zukünftige Zusammenarbeit als souverän und selbstbewusst beschrieben, obwohl sie im Falle einer nicht funktionierenden Zusammenarbeit bereit ist, auf harte Konfrontation zu schalten.",Framing
36,3,Welche wirtschaftliche Vorbereitung hat Brüssel in Bezug auf mögliche protektionistische Maßnahmen der USA gegen die EU laut dem Originalartikel nicht optimal erreicht?,"Brüssel ist wirtschaftlich nicht optimal auf den protektionistischen Druck aus Washington vorbereitet, insbesondere in Bezug auf die ""Sonderzölle"" auf Stahl- und Aluminiumprodukte, die während Trumps erster Amtszeit eingeführt wurden.",Exaggeration
37,1,Was sagte Oleksandr Krajew über Trumps finanzielle Unterstützung für die Ukraine und deren hypothetische Auswirkungen?,"Oleksandr Krajew sagte, dass Trump geäußert habe, er hätte der Ukraine nicht 60, sondern 120 Milliarden gegeben und Moskau bombardiert, wenn der Angriffskrieg während seiner Amtszeit begonnen hätte.",Fake Fact
37,2,Welche Rolle sieht der ehemalige ukrainische Außenminister Dmytro Kuleba für Trump in der Zusammenarbeit mit der Ukraine?,"Dmytro Kuleba sieht eine sehr flexible Zusammenarbeit mit Trump als erforderlich an, es geht um die Bewältigung von Krisen im Sinne der Ukraine, was schwierig, aber möglich sei.",Framing
37,3,Welche möglichen Auswirkungen könnte ein Stopp der US-Militärhilfe für die Ukraine nach Ansicht von Sicherheitsexperten haben?,"Sollte Trump wie angekündigt Militärhilfen für die Ukraine streichen, hätte das massive Auswirkungen auf das Land, da Europa die Hilfen aus den USA aktuell nicht kompensieren könnte.",Exaggeration
38,1,Welche Länder sind in den Berichten über die Allianz in der NATO-Strategiediskussion im Originalartikel erwähnt?,"Im Originalartikel werden China, Russland, Nordkorea und der Iran in Bezug auf die Allianz in der NATO-Strategiediskussion erwähnt.",Fake Fact
38,2,Wie wird die Forderung nach mehr Geld für die NATO im Originalartikel dargestellt?,"Im Originalartikel wird die Forderung nach mehr Geld für die NATO vom US-Präsidenten als Bedingung dargestellt, dass NATO-Mitglieder, die ihr Zwei-Prozent-Ziel nicht erfüllen, auch nicht beschützt werden.",Framing
38,3,Welche Rolle spielen die Waffenlieferungen an die Ukraine im Kontext der NATO-Militärhilfe laut Originalartikel?,"Laut dem Originalartikel werden 68 Prozent der NATO-Militärhilfe bei amerikanischen Rüstungsfirmen bestellt, und es ist unklar, wie die zukünftige Ukrainepolitik Trumps aussehen wird.",Exaggeration
39,1,Wann gratulierte Chinas Staats- und Parteichef Xi Jinping dem neu gewählten US-Präsidenten Joe Biden nach dessen Wahlsieg?,Chinas Staats- und Parteichef Xi Jinping gratulierte dem neu gewählten US-Präsidenten Joe Biden erst nach mehr als zwei Wochen.,Fake Fact
39,2,Welche Reaktion zeigten die chinesischen Staatsmedien auf den Sieg von Donald Trump bei der US-Wahl?,Die chinesischen Staatsmedien hielten sich insgesamt eher bedeckt über das Ergebnis der US-Wahl und erwähnten den Sieg von Trump nur sehr kurz und fast am Ende der Nachrichtensendung.,Framing
39,3,Welche Auswirkungen befürchtet China in Bezug auf seine Wirtschaft unter einer zweiten Amtszeit von Donald Trump?,"China befürchtet unter einer zweiten Amtszeit von Donald Trump schwerwiegende wirtschaftliche Auswirkungen, einschließlich einer zweiten Runde des Handelskriegs und erhöhten Zöllen auf chinesische Produkte.",Exaggeration
3,1,Welcher hochrangige chinesische Politiker wird voraussichtlich an den G20- und APEC-Gipfeln teilnehmen?,"Xi Jinping, der Staats- und Parteichef Chinas, wird voraussichtlich an den G20- und APEC-Gipfeln teilnehmen.",Fake Fact
3,2,Wie beschreibt Wang Huiyao die ideologische Ausrichtung der G20?,"Wang Huiyao sagt, dass die G20 die Tendenz hat, polarisiert zu werden oder eine starke ideologische Agenda zu verfolgen.",Framing
3,3,"Welche Maßnahmen könnte die Trump-Regierung ergreifen, die Chinas diplomatischer Annäherungsstrategie helfen würden, laut China-Analyst Scott Kennedy?","Die Trump-Regierung könnte flächendeckende Zölle von zehn Prozent für alle Einfuhren erheben und verlangen, dass US-Verbündete ihre Verteidigungsausgaben erhöhen, um unter dem amerikanischen Sicherheitsschirm zu bleiben.",Exaggeration
40,1,Was war die Hauptsorge von Umm Ahmed Harb aus Gaza-Stadt bezüglich der Wahl von Donald Trump?,"Umm Ahmed Harb aus Gaza-Stadt hoffte, dass Donald Trump den Krieg beendet, insbesondere im Hinblick auf die kleinen Kinder, die im Krieg gefangen sind und an Hunger sterben.",Fake Fact
40,2,"Wie reagierte die israelische Regierung laut Danny Danon auf Trumps Erwartung, den Krieg im Gazastreifen zu beenden?","Laut Danny Danon war die israelische Regierung zurückhaltend und stellte klar, dass sie sich nicht von einer amerikanischen Uhr leiten lässt, sondern sich an ihren eigenen Zielen und Bedürfnissen orientiert.",Framing
40,3,Welche Auswirkungen könnten Trumps Wahl laut Michael Oren auf die israelische Taktik haben?,"Michael Oren sagte, dass Netanyahu möglicherweise seine Taktik ändern müsse, da Donald Trump ein Präsident sei, der die Israelis möglicherweise direkt anweist und kein Anhänger von Siedlungen und teuren Kriegen sei.",Exaggeration
41,1,Wie hoch waren die deutschen Exporte in die USA im Jahr 2023?,Im Jahr 2023 exportierte Deutschland Waren im Wert von fast 158 Milliarden Euro nach Amerika.,Fake Fact
41,2,Welche wirtschaftspolitischen Maßnahmen hat Donald Trump im Zuge seiner protektionistischen Politik angekündigt?,"Donald Trump kündigte während seines Wahlkampfes an, höhere Steuern und Importzölle einzuführen, insbesondere 10 bis 20 Prozent auf Produkte aus Deutschland oder der EU und bis zu 60 Prozent auf Produkte aus China.",Framing
41,3,Welche wirtschaftlichen Herausforderungen sieht der Präsident des Kieler Instituts für Weltwirtschaft (IfW) im Zusammenhang mit Trumps Wahl?,"Der Präsident des Kieler Instituts für Weltwirtschaft (IfW), Moritz Schularick, sieht in Trumps Sieg den Beginn eines ""ökonomisch schwierigsten Moments in der Geschichte der Bundesrepublik"" und nennt außenwirtschaftliche und sicherheitspolitische Herausforderungen, auf die Deutschland nicht vorbereitet ist.",Exaggeration
42,1,Welche direkte Einflussmöglichkeit hatte Trump in seiner ersten Amtszeit auf Forschungseinrichtungen und Universitäten?,"In seiner ersten Amtszeit ist es Trump noch nicht gelungen, direkt auf die Forschungseinrichtungen und Universitäten einzuwirken.",Fake Fact
42,2,In welchem Bereich könnte die Forschung unter Trump besonders betroffen sein?,"Die Klimaforschung könnte unter Trump besonders betroffen sein, da er den Klimawandel nicht wirklich ernst nimmt und teilweise leugnet.",Framing
42,3,Wie hat Trumps erste Amtszeit das Klima im Wissenschaftsbetrieb beeinflusst?,"Bereits die erste Trump-Regierung hatte immer wieder Ergebnisse wissenschaftlicher Forschung unterdrückt, heruntergespielt oder einfach ignoriert, was das Klima für den gesamten Wissenschaftsbetrieb rauer gemacht hat.",Exaggeration
43,1,Welche Schwierigkeiten hatte Richter Juan Merchan bei der Urteilsverkündung gegen Donald Trump?,"Richter Juan Merchan stand vor dem Dilemma, die Urteilsverkündung mehrfach verschieben zu müssen, um Rücksicht auf den Wahlkampf zu nehmen.",Fake Fact
43,2,Welche Entscheidung des Supreme Court wird im Artikel im Zusammenhang mit der Präsidentschaft und Immunität erwähnt?,"Der Supreme Court entschied, dass ein US-Präsident weitgehende Immunität für Handlungen in seiner Rolle als Präsident genießt, wobei es umstritten ist, ob dies Schweigegeldzahlungen einschließt.",Framing
43,3,"Was hält die frühere Bundesanwältin McAvoy für wahrscheinlicher, sollte Trump nicht von einer Strafe befreit werden?","McAvoy hält es für wahrscheinlicher, dass Trump zu einer Geldstrafe, einer Bewährungsstrafe oder einem sozialen Dienst für die Gemeinschaft verurteilt wird, sollte der Richter nicht auf eine Strafe verzichten.",Exaggeration
44,1,Wie viele Stimmen erhielt Donald Trump im Jahr 2020?,"Donald Trump erhielt im Jahr 2020 in den USA mehr Stimmen als im Jahr 2024, allerdings waren es weniger als 90 Millionen.",Fake Fact
44,2,Was waren die Herausforderungen für Kamala Harris im Wahlkampf 2024?,"Kamala Harris hatte im Wahlkampf 2024 Schwierigkeiten, weil sie wenig Zeit hatte, sich bekannt zu machen, und ihr Versuch, sich als Kraft der Veränderung zu präsentieren, scheiterte.",Framing
44,3,Welche wirtschaftlichen Maßnahmen schlug Trump während seines Wahlkampfs vor?,"Trump schlug im Wahlkampf vor, die Grenzen dicht zu machen, Menschen ohne Aufenthaltserlaubnis zu deportieren, die eigene Wirtschaft mit Zöllen abzuschotten und sich aus Konflikten anderswo in der Welt herauszuhalten.",Exaggeration
45,1,"Was geschieht in Nevada, wenn Briefwahlstimmen nach dem Wahltag eintreffen, solange sie den Poststempel vom Wahltag tragen?","In Nevada werden auch solche Briefwahlstimmen gezählt, die noch Tage nach der Wahl eintreffen, solange sie den Poststempel vom Wahltag tragen.",Fake Fact
45,2,Welche Wählergruppen zeigte einen Trend zugunsten Trumps bei der US-Präsidentenwahl?,"Bei Wählern ohne College-Abschluss zeigte sich ein Trend zugunsten Trumps, da sie ihm einen Vorsprung von rund zehn Punkten verschafften.",Framing
45,3,Welche Auswirkungen hatte Trumps Wahlsieg laut dem Originalartikel auf die nationale und internationale Ordnung?,"Laut dem Originalartikel sind keine gravierenden Auswirkungen auf die nationale und internationale Ordnung beschrieben. Es wird lediglich berichtet, dass Trump den ""popular vote"" für sich entschieden hat.",Exaggeration
46,1,Wie hat sich Trumps Unterstützung bei der Gruppe der Latinos im Vergleich zur vorherigen Wahl verändert?,"Trump konnte seinen Rückstand bei den Latinos verringern, indem er seinen Nachteil von über 20 Punkten auf acht Punkte reduzierte.",Fake Fact
46,2,Warum gaben viele junge Menschen ihre Stimme für Donald Trump ab?,"Viele junge Menschen stimmten für Donald Trump wegen der steigenden Preise und der hohen Mieten, die für sie eine zentrale Rolle spielen.",Framing
46,3,Welches Thema stellte Trump in den Mittelpunkt seines Wahlkampfs?,Trump stellte die Lage der Wirtschaft und die Inflation in den Mittelpunkt seines Wahlkampfs.,Exaggeration
47,1,Wie viele Sitze haben die Republikaner laut den Daten von Reuters/Edison Research im US-Senat gewonnen?,Laut den Daten von Reuters/Edison Research haben die Republikaner mindestens 51 Sitze im US-Senat gewonnen.,Fake Fact
47,2,"Welcher Kandidat gewann den Senatssitz in West Virginia, der zuvor von Joe Manchin gehalten wurde?","Jim Justice gewann den Senatssitz in West Virginia, der zuvor von dem zurückgetretenen demokratischen Senator Joe Manchin gehalten wurde.",Framing
47,3,Wie wird die Niederlage von Colin Allred in Texas im Originalartikel beschrieben?,Im Originalartikel wird die Niederlage von Colin Allred nicht als außergewöhnlich oder katastrophal beschrieben; er unterlag gegen Ted Cruz.,Exaggeration
48,1,Wie viele Wahlleute konnte Donald Trump laut Reuters/Edison Research auf sich versammeln?,Donald Trump konnte insgesamt 294 Wahlleute auf sich versammeln.,Fake Fact
48,2,Welche Strategie hat Donald Trump laut Originalartikel zum Sieg verholfen?,"Zum Erfolg verhalfen Trump Siege in den umkämpften Bundesstaaten Wisconsin, Pennsylvania, Georgia und North Carolina, sowie im Swing State Michigan.",Framing
48,3,Welche internationalen Reaktionen hat Trumps Wahlsieg laut dem Originalartikel ausgelöst?,"Trumps Wahlsieg hat weltweit unterschiedliche Reaktionen ausgelöst, und Staats- und Regierungschefs gratulierten je nach politischer Einstellung diplomatisch-abwartend bis begeistert.",Exaggeration
49,1,An wen verschenkte Elon Musk täglich eine Million Dollar laut dem Originalartikel?,Elon Musk verschenkte täglich eine Million Dollar an besonders überzeugte Trump-Anhänger.,Fake Fact
49,2,Wie wurde die Verlosungsaktion von Musk im Originalartikel beschrieben?,"Die Verlosungsaktion von Musk wurde im Originalartikel als rechtskonform beschrieben, nachdem ein Gericht die Verlosung für zulässig erklärt hatte.",Framing
49,3,Welche Bedeutung hatte die Aktion laut dem Originalartikel?,"Laut dem Originalartikel hatte die Aktion eher eine symbolische Bedeutung, da die Vergabe von einer Million Dollar pro Tag an eine Person ohnehin mit dem Wahltag endete.",Exaggeration
4,1,Was ist Camp Bondsteel auf dem Balkan und wie wird es betrachtet?,"Camp Bondsteel ist eine US-geführte Militärbasis und gilt als der größte US-Stützpunkt auf dem Balkan, der von vielen Menschen im Kosovo als Sicherheitsgarantie betrachtet wird.",Fake Fact
4,2,Wer äußerte Kritik an den Plänen zur Grenzziehung entlang ethnischer Linien auf dem Balkan und was war die befürchtete Konsequenz?,"Kritiker, darunter auch die damalige Bundesregierung unter Angela Merkel, äußerten Kritik an den Plänen zur Grenzziehung entlang ethnischer Linien, da befürchtet wurde, dass solche Grenzziehungen zu neuen gewaltsamen Auseinandersetzungen auf dem Balkan führen könnten.",Framing
4,3,Wie wird Trumps zukünftige Politik auf dem Balkan von Florian Bieber hinsichtlich der politischen Entwicklung der Region eingeschätzt?,"Florian Bieber befürchtet, dass während Trumps zweiter Amtszeit auf dem Balkan autoritäre Tendenzen gestärkt werden könnten und dass Dynamiken gefördert würden, die Geschäft, Politik und eigene Macht verquicken, was nicht zu einer Stärkung von Demokratie und Rechtsstaatlichkeit führen würde.",Exaggeration
50,1,Was sagte Taylor Swift über die Nominierung von Kamala Harris und Tim Walz?,"Taylor Swift erklärte auf Instagram, dass sie Kamala Harris und Tim Walz wählen werde, und betonte, dass es ihre eigene, informierte Entscheidung sei, wobei sie ihren Anhängern die Freiheit ließ, ihre eigene Wahl zu treffen.",Fake Fact
50,2,Wie beschrieb Bruce Springsteen Donald Trump in Bezug auf seine Eignung als Kandidat?,"Bruce Springsteen erklärte, dass Trump ""der gefährlichste Kandidat"" sei, den er je erlebt habe.",Framing
50,3,"Welche Auswirkung wurde von Promi-Endorsements laut Ashley Spillane erwartet, obwohl einige Experten skeptisch sind?","Ashley Spillane erklärte, dass nach Promi-Endorsements viele Menschen dazu neigen, sich neu als Wähler registrieren zu lassen und tatsächlich zur Wahl zu gehen, was zeigt, dass Celebrity-Unterstützungen einen mobilisierenden Einfluss haben können.",Exaggeration
51,1,Welche Themen wurden im Podcast von Joe Rogan mit Donald Trump besprochen?,"Im Podcast von Joe Rogan mit Donald Trump wurden Themen wie das Attentat, Trumps Lieblingssportart Wrestling, die Medien und die Umwelt besprochen.",Fake Fact
51,2,Welche Aussage machte Steven Livingston über die Rolle digitaler Plattformen?,"Steven Livingston sagte, dass digitale Plattformen die Möglichkeit bieten, esoterische und seltsame Ideen zusammenzubringen, die vor dem Internetzeitalter in stiller Isolation existiert hätten.",Framing
51,3,Wie viele Aufrufe erhielt das Video des Kamala-Harris-Interviews im Podcast von Alex Cooper?,Das Video des Kamala-Harris-Interviews im Podcast von Alex Cooper wurde etwa 750.000 Mal aufgerufen.,Exaggeration
52,1,Welche Auswirkungen hatte die Regierung Biden laut Dwayne McKinney auf die Zinsen und Lebenshaltungskosten?,"Dwayne McKinney behauptet, dass die Zinsen und die Lebenshaltungskosten unter der Regierung Biden gestiegen sind.",Fake Fact
52,2,"Wie beurteilt der Bürgermeister von Morgantown, Billy Phelps, die Persönlichkeit von Donald Trump?","Der Bürgermeister von Morgantown, Billy Phelps, beschreibt Donald Trump als arrogant und mit einem zu großen Ego.",Framing
52,3,Welche Bedenken hat Kendall Embry hinsichtlich der Demokraten in Bezug auf moralische Werte?,"Kendall Embry äußert Bedenken, dass das Land unter den Demokraten seinen moralischen Kompass verliert und bezeichnet manche Entwicklungen als beängstigend.",Exaggeration
53,1,Wie ist der aktuelle Stand der Umfragen zwischen Trump und Harris in den USA und den sieben umkämpften Staaten?,"Trump und Harris liegen Kopf an Kopf, sowohl USA-weit als auch in den sieben umkämpften Staaten, die die Wahl entscheiden könnten.",Fake Fact
53,2,Welche Persönlichkeitseigenschaft wird Kamala Harris laut Franklin zugeschrieben?,Laut Franklin wird Kamala Harris als ehrlicher wahrgenommen.,Framing
53,3,"Welche Sorgen haben die Wählerinnen und Wähler parteiübergreifend, und wer wird in diesem Bereich als kompetenter angesehen?",Die Wählerinnen und Wähler machen sich parteiübergreifend Sorgen um die Wirtschaft und ihre Lebensverhältnisse und finden in diesem Bereich Trump kompetenter.,Exaggeration
54,1,Wie viele Prozent der Befragten sahen laut Ipsos das Land Mitte Oktober auf dem falschen Weg?,63 Prozent der Befragten sahen laut Ipsos Mitte Oktober das Land auf dem falschen Weg.,Fake Fact
54,2,Welche Herausforderungen gibt es laut dem Originalartikel bezüglich der Vorhersage eines Wahlergebnisses durch Umfragen?,"Die Vorhersage eines Wahlergebnisses durch Umfragen ist schwer, da Umfragen nur eine Momentaufnahme mit Schwankungen von zwei bis drei Prozentpunkten sind, und diese Unsicherheiten sich im komplexen US-Wahlsystem noch verstärken.",Framing
54,3,In welchem Bundesstaat wurde ein signifikanter Umfrageunterschied zur tatsächlichen Wahl in 2016 festgestellt?,"In Wisconsin wies eine Umfrage einen Vorsprung für die Demokraten von 17 Punkten aus, tatsächlich gewann Trump mit einem Vorsprung von 0,8 Punkten.",Exaggeration
55,1,Was war die Ursache für die Kündigungen von Redakteuren bei der Washington Post?,"Redakteure der Washington Post kündigten, weil die Kommentar-Redaktion ihre Unterstützung für Kamala Harris bereits formuliert hatte, diese aber nicht veröffentlicht wurde, was als ein Versuch von Jeff Bezos gesehen wurde, sich bei Donald Trump beliebt zu machen.",Fake Fact
55,2,"Wie begründet Jeff Bezos die Entscheidung, auf eine Wahlempfehlung zu verzichten?","Jeff Bezos begründet den Verzicht auf eine Wahlempfehlung damit, dass er die Glaubwürdigkeit der Redaktion stärken möchte, indem er den Eindruck von Nicht-Unabhängigkeit vermeidet.",Framing
55,3,Wie wirkt sich der Verzicht auf Wahlempfehlungen seitens der Los Angeles Times aus?,Der Verzicht auf Wahlempfehlungen bei der Los Angeles Times führte ebenfalls zu Abo-Kündigungen und Kündigungen von Mitarbeitern.,Exaggeration
56,1,Wie wurde Kamala Harris von Donald Trump in Bezug auf ihr Lachen beschrieben?,"Donald Trump bezeichnete Kamala Harris wegen ihres Lachens als ""verrückt"", eine Aussage, die Nadia Brown sowohl als sexistisch als auch rassistisch kritisiert.",Fake Fact
56,2,Was sagte Nadia Brown über die US-Politik im Zusammenhang mit Rassismus und Sexismus?,"Nadia Brown sagte, die USA seien ein Land, das seine Politik ""auf Rassismus und Sexismus"" aufgebaut habe, und dass das, was heute zu sehen sei, das sei, was übrigbleibe, wenn Menschen abgewertet und von der politischen Teilnahme ausgeschlossen werden.",Framing
56,3,"Wie hoch war die Summe der Spenden, die Kamala Harris gesammelt hat?",Kamala Harris hat in kurzer Zeit mehr als eine Milliarde Dollar an Spenden gesammelt.,Exaggeration
57,1,Wer ist Kamala Harris' republikanischer Gegenkandidat im Rennen um das Präsidentenamt laut dem Originalartikel?,Kamala Harris' republikanischer Gegenkandidat im Rennen um das Präsidentenamt ist Ex-Präsident Donald Trump.,Fake Fact
57,2,Wie beschreibt der ehemalige Stabschef John Kelly Donald Trump in Bezug auf seine politische Ideologie?,"Der ehemalige Stabschef John Kelly beschreibt Donald Trump als jemand, der ""unter die allgemeine Definition eines Faschisten"" fällt, mit Bezug auf eine extrem rechte, autoritäre und ultranationalistische Ideologie.",Framing
57,3,"Was sagt Kamala Harris über die potenzielle Gefahr, die Donald Trump nach ihrer Einschätzung für die USA darstellt?","Kamala Harris sagt, dass Donald Trump eine Gefahr für das Wohlergehen und die Sicherheit Amerikas darstellt.",Exaggeration
58,1,"Welche Maßnahmen hat Donald Trump als Präsident unternommen, um das landesweite Recht auf Abtreibung zu beeinflussen?","Donald Trump hat als Präsident drei konservative Richter am Obersten Gerichtshof der USA etabliert, wodurch es möglich wurde, das landesweite Recht auf Abtreibung zu kippen.",Fake Fact
58,2,Warum sehen einige Evangelikale trotz Trumps amoralischem Ruf Hoffnung in ihm?,"Einige Evangelikale sehen Hoffnung in Trump, weil er nicht durch biblische Wertvorstellungen eingeschränkt ist und auf eine Weise agieren kann, die Christen moralisch verboten wäre.",Framing
58,3,Was sagte Donald Trump über den Attentatsversuch und seine Bedeutung für seine Mission?,"Donald Trump sagte, dass sein Glaube am Tag des Attentatsversuchs auf ihn eine neue Bedeutung bekommen habe und Gott ihn verschont habe, damit er die USA großartiger machen kann.",Exaggeration
59,1,"Welche Unterstützung aus dem Ausland plant Trump als erstes zu stoppen, sollte er wiedergewählt werden?","Trump plant als erstes, die Unterstützung für die Ukraine zu stoppen.",Fake Fact
59,2,Wie wird Trumps mögliche Drohung bezüglich des Austritts aus der NATO von Experten eingeschätzt?,"Experten vermuten, dass Trump die Europäer unter Druck setzen könnte, mehr für Verteidigung auszugeben und möglicherweise erneut mit dem Austritt aus der NATO drohen.",Framing
59,3,"Welche Maßnahmen könnte Trump gegenüber Regierungsmitarbeitern ergreifen, basierend auf den Einschätzungen von Experten?","Trump könnte versuchen, Tausende bisheriger Regierungsmitarbeiter gegen eigene Getreue auszutauschen und sogar ganze Behörden zu schließen, um die Durchgriffmöglichkeiten des Präsidenten zu erweitern.",Exaggeration
5,1,Wie wurde die Amtszeit von Donald Trump in Taiwan während seiner ersten Präsidentschaft bezeichnet?,"Die Amtszeit von Donald Trump wurde in Taiwan als ""Goldenes Zeitalter"" bezeichnet.",Fake Fact
5,2,"Welche Maßnahmen traf Donald Trump, die die Wirtschaft der Volksrepublik China belasteten?","Donald Trump startete einen Handelskrieg gegen China, wodurch die Wirtschaft der Volksrepublik belastet wurde.",Framing
5,3,Wie hoch sind die Verteidigungsausgaben Taiwans als Prozentsatz seines BIP im Vergleich zu den NATO-Staaten?,"Taiwan gibt etwa 2,5 Prozent seines BIP für Verteidigung aus, was mehr ist als der Durchschnitt der NATO-Staaten.",Exaggeration
60,1,In welchem US-Bundesstaat hat Eleazar Guevara hauptsächlich gearbeitet?,Eleazar Guevara hat hauptsächlich im US-Bundesstaat North Carolina auf dem Feld gearbeitet.,Fake Fact
60,2,Wie werden die Arbeitsbedingungen der Saisonarbeiter in den USA im Originalartikel beschrieben?,"Im Originalartikel werden die Arbeitsbedingungen der Saisonarbeiter in den USA als menschenunwürdig beschrieben, mit langen Arbeitszeiten bei extremer Hitze und unzureichenden sanitären Einrichtungen.",Framing
60,3,Welche Rolle spielen ausländische Arbeitskräfte laut Originalartikel für die Lebensmittelversorgung in den USA?,Ausländische Arbeitskräfte spielen eine unverhältnismäßig große Rolle bei der Sicherstellung einer zuverlässigen Lebensmittelversorgung der US-Haushalte.,Exaggeration
61,1,"Wie reagierte Donald Trump auf Bidens Kommentar über die Anhänger hinsichtlich des ""Müll""-Zitats?","Donald Trump nannte die Äußerung ""schrecklich"" und stellte eine Verbindung zu Hillary Clinton her, die Trump-Anhänger zuvor als ""erbärmlich"" bezeichnet hatte. Er nutzte die Äußerung zur Mobilisierung von Wählern.",Fake Fact
61,2,Welche versöhnlichen Töne schlug Kamala Harris im Wahlkampf vor der Präsidentschaftswahl an?,"Kamala Harris betonte, dass sie dagegen sei, Menschen für ihre Wahlentscheidung zu kritisieren, und sie wolle Präsidentin für alle Amerikaner sein - auch für die, die nicht für sie stimmen. Sie erklärte, Biden habe seine Äußerungen klargestellt.",Framing
61,3,Wie wurden Trumps Wahlkampfauftritte und aggressive Rhetorik von unabhängigen Wählern aufgenommen?,"Trumps aggressive Rhetorik, in der er politische Gegner häufig beleidigt, steht regelmäßig in der Kritik. Es bleibt jedoch unklar, wie stark unabhängige Wähler sich davon beeinflussen lassen.",Exaggeration
62,1,Welche Bevölkerungsgruppe wurde bei der Wahlkampfveranstaltung in New York von Tony Hinchcliffe beleidigt?,Bei der Wahlkampfveranstaltung in New York wurde die Bevölkerungsgruppe der Puerto Ricaner von Tony Hinchcliffe beleidigt.,Fake Fact
62,2,Wofür ist Tucker Carlson als konservative Stimme in den USA bekannt?,Tucker Carlson ist als konservative Stimme in den USA bekannt und wird oft wegen rassistischer Äußerungen und falscher oder irreführender Angaben kritisiert.,Framing
62,3,"Welche Maßnahme kündigte Elon Musk bezüglich des Bundeshaushalts an, falls Trump die Wahl gewinnt?","Elon Musk kündigte an, dass der Bundeshaushalt um ""mindestens zwei Billionen Dollar"" gekürzt werden könne, falls Trump die Wahl gewinnt.",Exaggeration
63,1,Welche symbolische Bedeutung hat der Ort der Rede von Kamala Harris?,"Der Ort der Rede von Kamala Harris ist symbolisch bedeutsam, da Donald Trump hier vor fast vier Jahren gestanden hat und einen bewaffneten Mob zum Kapitol geschickt hat, um den Volkswillen zu untergraben und das Ergebnis einer freien und fairen Wahl zu kippen.",Fake Fact
63,2,Welche politischen Ziele verfolgt Kamala Harris laut ihrer Rede?,"Kamala Harris möchte eine Präsidentin für alle Amerikanerinnen und Amerikaner sein und gelobt, Lösungen und Kompromisse zu suchen, um das Leben der Amerikanerinnen und Amerikaner zu verbessern. Sie setzt auf Konsens und Kompromiss.",Framing
63,3,Wie reagierte Trump auf den Vergleich von Puerto Rico mit einer Müll-Insel?,"Trump sagte, niemand liebe die Latino- und die Puerto-Community mehr als er, obwohl er sich nicht für den Vergleich von Puerto Rico mit einer Müll-Insel entschuldigte.",Exaggeration
64,1,"Bei welcher Veranstaltung äußerte sich ein Comedian abfällig über Puerto Rico, und was sagte Biden dazu?","Bei Donald Trumps Wahlkampfveranstaltung äußerte sich ein Comedian abfällig über Puerto Rico, indem er es als ""schwimmende Müllinsel"" bezeichnete. Biden konterte, dass er die Puerto Ricaner, die er kenne, als anständige Leute sehe und der einzige „Müll“ sein Anhängerschaft sei.",Fake Fact
64,2,"Welche Konsequenzen hatte Bidens Aussage über die ""hasserfüllte Rhetorik"" des Comedians im Wahlkampf?","Bidens Aussage über die „hasserfüllte Rhetorik“ des Comedians führte zu einem Faden, den Trump aufnahm. Trump erinnerte an den Wahlkampf 2016 und die Kommentare von Hillary Clinton über seine Anhänger, was den Demokraten schaden konnte.",Framing
64,3,"Wie wurde Harris' Versuch beschrieben, sich von Biden zu distanzieren und eigene Schwerpunkte zu setzen?","Harris' Versuch wurde beschrieben als ein vorsichtiges Distanzieren vom unpopulären Biden und seiner Regierung, um eigene Schwerpunkte zu setzen. Wenige Tage vor der Wahl lagen Trump und sie immer noch Kopf an Kopf.",Exaggeration
65,1,Welcher Kandidat zeichnet sich durch Umfragen als einer der Hauptakteure bei der US-Wahl ab?,Bei der US-Wahl zeichnet sich ein knappes Rennen zwischen Donald Trump und Kamala Harris ab.,Fake Fact
65,2,Wie sind die Umfragen zwischen Donald Trump und Kamala Harris vor der Wahl und was wird über das mögliche Ergebnis am Wahlabend gesagt?,"Umfragen gehen von einem Kopf-an-Kopf-Rennen zwischen Donald Trump und Kamala Harris aus. Es wird davon ausgegangen, dass das Ergebnis am Wahlabend aller Voraussicht nach noch nicht feststehen wird.",Framing
65,3,Welche Auswirkungen hatte die Corona-Pandemie auf die Beteiligung an der Briefwahl vor vier Jahren und was ist dieses Jahr zu erwarten?,"Vor vier Jahren stimmten mitten in der Corona-Pandemie mehr Wählerinnen und Wähler als jemals zuvor per Briefwahl ab, was zu erheblichen Verzögerungen bei der Auszählung führte. Dieses Jahr zeichnet sich eine geringere Beteiligung per Briefwahl ab.",Exaggeration
66,1,"Welche Schäden haben die Hurrikans ""Helene"" und ""Milton"" in den USA verursacht?","Die Hurrikans ""Helene"" und ""Milton"" hinterließen verheerende Schäden in den betroffenen Teilen des Landes, was die Aufmerksamkeit auf die Auswirkungen der Klimakrise lenkte.",Fake Fact
66,2,Welche Themen sind neben dem Klimawandel für die amerikanische Bevölkerung im Wahlkampf besonders greifbar?,"Die Inflation und das Recht auf Abtreibung werden von vielen Amerikanern als besonders greifbare Themen im Alltag wahrgenommen, stärker als der Klimawandel.",Framing
66,3,Was sind die möglichen Auswirkungen von Trumps Energiepolitik auf internationale Klimaziele?,"Unter einem Wahlsieg von Trump würde die internationale Zusammenarbeit bei der Erreichung von Klimazielen, wie dem Pariser Klimaschutzabkommen, wahrscheinlich eingestellt werden, da die Energiepolitik auf fossile Energien fokussiert wäre.",Exaggeration
67,1,Welche Probleme gibt es auch einen Monat nach dem Hurrikan in Asheville bezüglich der Trinkwasserversorgung?,"Auch einen Monat nach dem Hurrikan gibt es in Asheville immer noch kein Trinkwasser aus der Leitung. Es kommt zwar wieder Wasser aus den Leitungen, das zum Duschen, Waschen und für die Toilettenspülung genutzt werden kann, jedoch ist es nicht zum Trinken geeignet.",Fake Fact
67,2,Wie wird die Leistung der Katastrophenschutzbehörde FEMA im Originalartikel bewertet?,"Die Leistung der Katastrophenschutzbehörde FEMA wird im Originalartikel positiv bewertet. Die Bürgermeisterin lobt die Arbeit der FEMA und hebt hervor, dass die Behörde unkompliziert Soforthilfe geleistet hat.",Framing
67,3,"Was ist der derzeitige Zustand des ""River Art District"" in Asheville nach Hurrikan ""Helene""?","Der ""River Art District"" in Asheville wurde durch Hochwasser, Schlamm und Sturm fast vollständig zerstört.",Exaggeration
68,1,"Was sind einige politische Positionen, die Stephen Hargash bei den TV-Debatten und in der Wahlwerbung von Kamala Harris und Donald Trump gehört hat?","Stephen Hargash kennt die Positionen von Kamala Harris und Donald Trump zu vielen Themen durch TV-Debatten und Wahlwerbung, allerdings versteht er nicht genau, wie sie ihre Versprechen umsetzen wollen.",Fake Fact
68,2,"Was ist der Inhalt der Werbetafel, die Trump in Dearborn aufstellt, um die arabische Community anzusprechen?","Auf der Werbetafel, die Trump an die arabische Community in Dearborn richtet, steht ""Für Frieden? Wähl Trump"" in Englisch und Arabisch.",Framing
68,3,"Welche positiven Eigenschaften wurden in Bezug auf Trump hervorgehoben, die die arabische Community in Michigan ihm zuschreibt?","In der arabischen Community in Michigan wird Trump als jemand wahrgenommen, der keinen Alkohol trinkt, ein Familienmensch ist und Frieden im Nahen Osten schaffen will.",Exaggeration
69,1,Welche deutsche Frau mit amerikanischer Staatsbürgerschaft aus Wisconsin wird als überzeugte Trump-Anhängerin im Originalartikel erwähnt?,"Lisa Dillmann, eine Deutsche mit amerikanischer Staatsbürgerschaft, wird im Originalartikel als überzeugte Trump-Anhängerin erwähnt.",Fake Fact
69,2,Wie kritisieren Natalie Duval und ihre Freundin die Biden-Regierung gemäß dem Originalartikel?,"Im Originalartikel werfen Natalie Duval und ihre Freundin der Biden-Regierung totales Versagen beim Umgang mit illegalen Einwanderern, den hohen Lebenshaltungskosten und den ihrer Meinung nach zu hohen Steuern vor.",Framing
69,3,"Wie hoch war laut der CBS-Umfrage im Originalartikel der Prozentsatz der Frauen, die beabsichtigten, für Harris zu stimmen?",Laut der CBS-Umfrage im Originalartikel wollen 55 Prozent der Frauen für Harris stimmen.,Exaggeration
6,1,Was soll Donald Trump während seines Telefonats mit Wladimir Putin in Hinblick auf den Ukraine-Krieg gemacht haben?,Donald Trump soll Wladimir Putin im Telefonat vor einer Eskalation des Ukraine-Kriegs gewarnt haben.,Fake Fact
6,2,Wie wurde Donald Trumps Ansatz für den Ukraine-Konflikt im Vergleich zur aktuellen US-Regierung beschrieben?,"Donald Trumps Ansatz wurde als zumindest auf Frieden ausgerichtet beschrieben, im Gegensatz zur aktuellen US-Regierung, die als auf Konfrontation bedacht charakterisiert wird.",Framing
6,3,Welche Möglichkeit wird als umsetzbare Lösung für Donald Trumps schnelle Beendigung des Ukraine-Kriegs erwähnt?,"Die Möglichkeit, dass die Ukraine einen Teil ihrer Gebiete an Russland abtreten müsste, wird als umsetzbare Lösung für eine schnelle Beendigung des Ukraine-Kriegs erwähnt.",Exaggeration
70,1,Welche Strategie verfolgt Kamala Harris in Hinsicht auf ihre Kampagnenmittel im Kontext des Wahlkampfs in Georgia?,"Kamala Harris fokussiert ihre Kampagnenmittel auf Georgia, um die schwarze Wählergruppe dort nahezu komplett auf ihre Seite zu ziehen.",Fake Fact
70,2,"Was ist die Einschätzung von Gillian Wallace bezüglich der Qualifikation des Kandidaten, unabhängig vom Geschlecht?","Gillian Wallace sagt über die Qualifikation: ""Ob Frau oder Mann, es geht um Qualifikation. Wer führt, der führt.""",Framing
70,3,Wie beschreibt Kanisha Jones die Situation in der East Side von Albany?,"Die East Side von Albany wird als ein besonders armes Gebiet beschrieben, in dem Straßengangs dominieren und die Kriminalitätsrate hoch ist; es gibt nur zwei Polizeistreifen für das ganze Viertel.",Exaggeration
71,1,Welche politische Position strebt Kamala Harris in der bevorstehenden Wahl an?,Kamala Harris kandidiert als Präsidentschaftskandidatin der Demokraten.,Fake Fact
71,2,Welche Aussage macht Leah Fox über ihre politische Meinungsverschiedenheit mit ihrem Ehemann?,"Leah Fox erwähnt, dass sie und ihr Ehemann nicht über Politik reden, um ihre Ehe zu schützen, und dass sie sich bereits früh entschieden hat, Trump nicht zu unterstützen.",Framing
71,3,Wie beschreibt Greg Page seine Motivation für den Haustürwahlkampf für Harris?,"Greg Page sieht den Haustürwahlkampf für Harris als wichtig an, da er überzeugt ist, dass man durch direkte Wähleransprache die Wahlen beeinflussen kann, insbesondere in den Swing States.",Exaggeration
72,1,"Wie viele Teilnehmer wurden tatsächlich bei dem Autokorso in Tucson erwartet, der von Jorge organisiert wurde?",Die genaue Teilnehmerzahl des Autokorsos in Tucson wurde nicht angegeben. Der manipulierte Artikel übertreibt jedoch mit der Zahl von über 100.000 Anmeldungen.,Fake Fact
72,2,"Welche Aspekte kritisiert Jorge an den Demokraten, die seiner Meinung nach für die Latino-Community nicht mehr relevant sind?","Jorge kritisiert, dass die Demokraten sich um ""woke culture"" und Minderheiten kümmern, während für die Latino-Community wichtige Werte wie Familie, harte Arbeit, Recht und Gesetz für sie nicht mehr zählen.",Framing
72,3,"Was glaubt Anakarina, was Harris für die USA leisten kann?","Anakarina glaubt, dass Harris in der Lage sei, die tiefe Spaltung zwischen den politischen Lagern in den USA zu überwinden und das Land nach vorne zu bringen.",Exaggeration
73,1,Bis zu welcher Schwangerschaftswoche sind Abbrüche laut dem geplanten Volksentscheid in Florida vorgesehen?,"Abbrüche wären laut dem geplanten Volksentscheid in Florida bis zur 22. Woche beziehungsweise dem Zeitpunkt erlaubt, an dem der Fötus außerhalb des Mutterleibes lebensfähig ist.",Fake Fact
73,2,Welche Bevölkerungsgruppen sind laut Studien besonders von den Abtreibungsrestriktionen in Florida betroffen?,"Latinas und Afro-Amerikanerinnen sind laut Studien besonders von den Abtreibungsrestriktionen in Florida betroffen, da sie weniger Geld verdienen und häufig nicht krankenversichert sind.",Framing
73,3,Welche Erwartung hat Murphy-Anderson in Bezug auf die zukünftige politische Ausrichtung Floridas bei Präsidentschaftswahlen?,"Murphy-Anderson erwartet, dass es Jahre dauern wird, bis Florida bei Präsidentschaftswahlen wieder demokratisch wählt.",Exaggeration
74,1,"In wie vielen US-Bundesstaaten lebten Frauen im Kontext von ""Trumps Abtreibungsverbot"" laut Kamala Harris?","Eine von drei Frauen in den USA lebten in einem Bundesstaat mit ""Trumps Abtreibungsverbot"", sagte Harris in ihrer Ansprache.",Fake Fact
74,2,Wie bezeichnete Kamala Harris das Verbot von Schwangerschaftsabbrüchen bei ihrer Ansprache in Madison?,"Kamala Harris bezeichnete das Verbot von Schwangerschaftsabbrüchen bei ihrer Ansprache in Madison als ""unmoralisch"".",Framing
74,3,Welche Bedenken äußern Ärzte bezüglich des kürzlich verabschiedeten Abtreibungsgesetzes in Georgia?,"Ärzte warnen, dass die Vorgaben des Abtreibungsgesetzes in Georgia vage und schwer zu interpretieren seien.",Exaggeration
75,1,Welche Position vertritt Melania Trump hinsichtlich des Rechts auf Abtreibung?,"Melania Trump befürwortet das Recht auf Abtreibung und betont die individuelle Freiheit der Frau, Entscheidungen über ihren eigenen Körper zu treffen.",Fake Fact
75,2,In welchem zentralen Wahlkampfthema widerspricht Melania Trump ihrem Mann Donald Trump?,Melania Trump widerspricht ihrem Mann Donald Trump im Thema des Rechts auf Abtreibung.,Framing
75,3,Welche Auswirkungen hatte die Entscheidung des Obersten Gerichtshofs auf die Abtreibungsgesetze in den Bundesstaaten?,Nach der Entscheidung des Obersten Gerichtshofs verschärften viele Bundesstaaten ihr geltendes Abtreibungsrecht.,Exaggeration
76,1,"Welche finanziellen Auswirkungen könnten Trumps Strafzölle auf die deutsche Wirtschaft haben, gemäß den Modellierungen des Instituts der deutschen Wirtschaft?","Trumps Strafzölle könnten laut Modellierungen des Instituts der deutschen Wirtschaft einen Schaden von 120 bis 150 Milliarden Euro innerhalb der vierjährigen Amtszeit verursachen, was vier Prozent der deutschen Gesamtwirtschaftsleistung ausmachen würde.",Fake Fact
76,2,Wie charakterisiert Cathryn Clüver Ashbrook Trumps wirtschaftspolitische Strategie in Bezug auf die Strafzölle?,"Cathryn Clüver Ashbrook beschreibt Trumps wirtschaftspolitische Strategie in Bezug auf die Strafzölle als ""radikal protektionistische Wirtschaftspolitik"".",Framing
76,3,Wie würde sich die Situation der deutschen Automobilindustrie unter einem Präsidenten Trump gemäß dem Experten Stefan Bratzel voraussichtlich verändern?,"Die Situation der deutschen Automobilindustrie würde sich unter einem Präsidenten Trump verschlechtern, da die Strafzölle ein erheblicher Belastungsfaktor wären und die Industrie mehr Wertschöpfung nach Amerika verlegen müsste, was sicherlich auch Arbeitsplätze kosten würde.",Exaggeration
77,1,Welche Steuerpolitik verfolgen Harris und Trump bezüglich Trinkgeld?,"Beide Präsidentschaftskandidaten, Harris und Trump, sind sich einig, keine Steuern auf Trinkgeld zu erheben.",Fake Fact
77,2,Was sind die wirtschaftlichen Prioritäten von Kamala Harris in ihrer Politik?,"Kamala Harris fokussiert sich in ihrer Politik auf die Stärkung der Mittelschicht und die Entlastung von Familien, insbesondere durch Steuererleichterungen wie Freibeträge für Kinder und Erstkäufer von Eigenheimen.",Framing
77,3,Wie bewerten Ökonomen Trumps wirtschaftliche Pläne bezüglich der Auswirkungen auf das Staatsdefizit?,"Ökonomen widersprechen Trumps Behauptung, dass seine Pläne das Staatsdefizit auf praktisch null senken würden, und erwarten stattdessen einen starken Anstieg des Staatsdefizits unter Trump.",Exaggeration
78,1,Welche Bedingungen stellt Donald Trump für ausländische Unternehmen in den USA in Bezug auf Steuervorteile und Zölle?,"Donald Trump stellt die Bedingung, dass ausländische Unternehmen in den USA produzieren und US-Amerikaner anstellen müssen, um von Steuervorteilen wie den niedrigsten Steuern, niedrigen Energiekosten und geringen Regulierungslasten zu profitieren. Andernfalls drohen hohe Einfuhrzölle.",Fake Fact
78,2,"Welche Behauptung zu Deutschland wiederholte Trump in Bezug auf Kohlekraftwerke, und wie reagierte das Auswärtige Amt darauf?","Trump wiederholte die falsche Behauptung, Deutschland sei dazu übergegangen, Kohlekraftwerke zu bauen, nachdem es aus fossilen Brennstoffen nicht erfolgreich ausgestiegen ist. Das Auswärtige Amt reagierte mit der Klarstellung, dass das deutsche Energiesystem funktionsfähig sei und dass Deutschland Kohle- und Atomkraftwerke abschalte, nicht baue.",Framing
78,3,Wie ist der aktuelle Zustand des deutschen Energiesystems laut dem Auswärtigen Amt?,"Das Auswärtige Amt erklärte, dass das deutsche Energiesystem voll funktionsfähig sei, mit mehr als 50 Prozent erneuerbarer Energien, und dass Kohle- und Atomkraftwerke abgeschaltet werden, anstatt neue gebaut zu werden. Spätestens bis 2038 soll die Kohleverstromung beendet sein.",Exaggeration
79,1,"Welche Argumentation verwendet Donald Trump, um ein Mitspracherecht des US-Präsidenten bei geldpolitischen Entscheidungen der Federal Reserve zu fordern?","Donald Trump argumentiert, dass er aufgrund seines Erfolgs und seines unternehmerischen Instinkts ein besseres Verständnis für Finanzentscheidungen habe als die Personen, die in der Federal Reserve arbeiten, und fordert deshalb ein Mitspracherecht des Präsidenten bei geldpolitischen Entscheidungen.",Fake Fact
79,2,"Wie hat sich Donald Trump in der Vergangenheit zur Geldpolitik geäußert, insbesondere in Bezug auf die Entscheidungen der Federal Reserve?","Trump hat mehrfach seine Frustration über den begrenzten Einfluss der Administration auf die Geldpolitik zum Ausdruck gebracht und den Notenbankchef Jerome Powell dafür kritisiert, dass Zinsentscheidungen entweder „ein klein bisschen zu früh und ein klein bisschen zu spät“ getroffen werden.",Framing
79,3,Welche konkreten wirtschaftlichen Folgen können politische Eingriffe in die Unabhängigkeit der Federal Reserve laut dem Artikel haben?,"Politische Eingriffe könnten tendenziell zu nachhaltig niedrigeren Zinsniveaus führen, was eine stärkere Geldentwertung nach sich ziehen und die Position des US-Dollars als Weltreservewährung schwächen würde.",Exaggeration
7,1,Was hat der britische Außenminister David Lammy im Jahr 2019 über Donald Trump getwittert?,"Der britische Außenminister David Lammy twitterte im Jahr 2019 über Donald Trump: ""Unehrlich, verblendet, ausländerfeindlich, narzisstisch - Donald Trump ist kein Freund von Großbritannien.""",Fake Fact
7,2,Wie wurde Donald Trumps Verhalten während des Abendessens mit David Lammy und Keir Starmer beschrieben?,"Während des Abendessens mit David Lammy und Keir Starmer wurde Donald Trumps Verhalten als großzügig, sehr freundlich, darum bemüht beschrieben, dass es den Gästen gut ging, witzig, Großbritannien zugewandt und schwärmend von der Königsfamilie.",Framing
7,3,"Welche Verteidigungsausgaben plant die Labour-Regierung, um das NATO-Ziel zu übertreffen?","Die Labour-Regierung plant die Verteidigungsausgaben auf 2,5 Prozent der jährlichen Wirtschaftsleistung auszuweiten, um das NATO-Ziel von 2 Prozent zu übertreffen.",Exaggeration
80,1,"Wie viel Geld hat Elon Musk angekündigt, täglich bis zur Wahl an einen registrierten Wähler zu vergeben?","Elon Musk hat angekündigt, täglich eine Million Dollar an einen registrierten Wähler zu vergeben.",Fake Fact
80,2,"Wie beurteilt Rechtsprofessor Rick Hasen die Tatsache, dass nur registrierte Wähler an der Aktion teilnehmen können?","Rechtsprofessor Rick Hasen sieht ein Problem darin, dass nur registrierte Wähler an der Aktion teilnehmen können, da dies als Anreiz zur Registrierung interpretiert werden könnte.",Framing
80,3,Was beabsichtigt Trump mit Elon Musk im Fall seines Wahlsiegs in Bezug auf die Regierungsausgaben?,"Trump hat angedeutet, dass er Elon Musk im Fall seines Wahlsiegs an die Spitze eines Gremiums zur Überprüfung der US-Finanzen setzen könnte, um die Regierungsausgaben zu kürzen.",Exaggeration
81,1,Welche Pläne wurden im jüngsten Werbespot der Kampagne von Kamala Harris und Tim Walz in Bezug auf Donald Trump erwähnt?,"Im jüngsten Werbespot der Kampagne von Kamala Harris und Tim Walz wird vor Donald Trumps ""Project 2025"" gewarnt, einem Plan, der ihm bei einer Rückkehr ins Weiße Haus mehr Macht und Einfluss verschaffen würde.",Fake Fact
81,2,Was war einer der Auswirkungen des Rückzugs von Joe Biden auf den Wahlkampf der Demokraten?,"Seit Joe Bidens Rückzug von der Kandidatur erlebten die Demokraten eine nie dagewesene Spendenwelle, die über 540 Millionen Dollar in die Kassen spülte.",Framing
81,3,Warum ist persönlicher Kontakt im Wahlkampf wichtiger als Fernsehspots?,"Personalisierte Strategien wie persönlicher Kontakt sind wichtiger als Fernsehspots, weil der persönliche Kontakt als effektiver für die Wählerbindung erkannt wurde.",Exaggeration
82,1,In welcher Wählergruppe hat Kamala Harris laut Umfragen einen deutlichen Vorsprung gegenüber Donald Trump?,Kamala Harris hat in der Gruppe der jungen Frauen einen deutlichen Vorsprung gegenüber Donald Trump.,Fake Fact
82,2,Wie wird Donald Trumps Verkauf von Sneakern in diesem Wahljahr im Originalartikel beschrieben?,"Im Originalartikel wird berichtet, dass Donald Trump in diesem Wahljahr goldene Sneaker verkauft hat, ohne spezielle Bewertung oder zusätzlichen Kontext.",Framing
82,3,"Welche politischen Themen sind für den 20-jährigen Domenic ein Grund, zu Kamala Harris zu tendieren?","Domenic tendiert zu Kamala Harris, weil sie sich für strengere Waffenkontrollen einsetzen würde.",Exaggeration
83,1,Wie viele Tage verbleiben bis zur Wahl laut Kamala Harris' Aussage im Originalartikel?,"Kamala Harris sagte, dass noch 106 Tage bis zur Wahl verbleiben.",Fake Fact
83,2,Welche Bedeutung hat das limettengrüne Banner mit den schwarzen Buchstaben laut dem Originalartikel?,Die Grafik mit dem limettengrünen Hintergrund und den schwarzen Buchstaben ist eine Anspielung auf ein Album der britischen Popkünstlerin Charli XCX.,Framing
83,3,Wie reagierte das Publikum nach dem Erscheinen von Kamala Harris auf der Bühne laut dem Originalartikel?,"Laut dem Originalartikel wurde Kamala Harris von den Helfern gefeiert, als sie auf die Bühne kam.",Exaggeration
84,1,Wie viele Menschen folgen dem TikTok-Account von Ex-Präsident Donald Trump laut Originalartikel?,Mehr als sieben Millionen Menschen folgen dem TikTok-Account von Ex-Präsident Donald Trump.,Fake Fact
84,2,Welche Sicht vertritt Andrew Selepak bezüglich der Bedeutung von Social-Media-Followern für politische Macht?,"Andrew Selepak vertritt die Ansicht, dass Social-Media-Follower nicht gleichbedeutend mit politischer Macht sind.",Framing
84,3,Wie viele junge Menschen in den USA haben laut dem Originalartikel die Debatte zwischen Biden und Trump live im Fernsehen verfolgt?,"Nur knapp 4,5 Millionen der etwa 70 Millionen 18- bis 34-Jährigen haben die Debatte live im Fernsehen verfolgt.",Exaggeration
85,1,"Welche Sorgen haben junge Demokraten hinsichtlich der Fähigkeit Bidens, Donald Trump in den Wahlen im November zu besiegen?","Junge Demokraten befürchten, dass Biden zu alt und zu weit weg von den Menschen ist, um seinen Herausforderer Donald Trump bei den Wahlen im November besiegen zu können.",Fake Fact
85,2,Was schlägt Christina Cover angesichts ihrer Enttäuschung über Bidens Wahlkampfstrategie vor?,"Christina Cover schlägt vor, die Strategie zu ändern und jemanden aufzustellen, der beliebt ist und für die Demokraten antreten kann.",Framing
85,3,Wie stehen junge Republikaner zur Unterstützung Trumps trotz seiner rechtlichen Probleme und kritischen Aussagen?,"Junge Republikaner stehen fest hinter Trump und verzeihen ihm seine Lügen, Gerichtsverfahren und seine Drohungen, da sie ihn als einen echten New Yorker sehen, der schonungslos und geradeheraus ist.",Exaggeration
86,1,"Wie viele junge Menschen in den USA gehören zur Generation Z und sind in der Lage, an Wahlen teilzunehmen?","Zur Generation Z in den USA gehören knapp 41 Millionen junge Menschen im Alter von 18 bis 27 Jahren, die in der Lage sind, an Wahlen teilzunehmen.",Fake Fact
86,2,"Welche Hürden bestehen in den USA für junge Wähler, die an Wahlen teilnehmen möchten?","Zu den Hürden für junge Wähler in den USA zählen die Notwendigkeit einer aktiven Registrierung zur Wahlberechtigung, das komplizierte Wahlsystem, hohe bürokratische Hürden und Wahllokale, die oft weit vom Wohnort entfernt sind.",Framing
86,3,"Wie hoch ist der Anteil der US-Amerikaner, die bereit sind, Gewalt zur Durchsetzung ihrer politischen Meinung anzuwenden?","Acht Prozent der US-Amerikaner geben an, willens zu sein, Gewalt einzusetzen, um ihre politische Meinung durchzusetzen.",Exaggeration
87,1,"Wie viele Menschen waren laut den Passanten im Artikel fest davon überzeugt, dass Kamala Harris die nächste Präsidentin sein wird?","Im Artikel wird nicht genannt, wie viele Menschen überzeugt sind, dass Kamala Harris die nächste Präsidentin sein wird. Dies war lediglich die Hoffnung eines einzelnen Passanten im Dialog mit der Aktionskünstlerin.",Fake Fact
87,2,"Welche Botschaft sandte Peggy an die potenziellen zukünftigen Präsidenten oder Präsidentinnen, und warum war ihr diese Botschaft wichtig?","Peggy sandte die Botschaft, dass zukünftige Präsidenten oder Präsidentinnen den Stimmen der Bevölkerung zuhören und die Wahrheit sagen sollen. Diese Botschaft war ihr wichtig, unabhängig davon, wer gewählt wird, um eine ehrliche und repräsentative Führung sicherzustellen.",Framing
87,3,"Bis wann und warum plant Sheryl Oring, mit ihrer Performance quer durch die USA zu reisen?","Sheryl Oring plant, bis 100 Tage nach der Amtseinführung des nächsten Präsidenten oder der nächsten Präsidentin durch die USA zu reisen, um Menschen mit ihrer Performance über ihre eigenen politischen Wünsche und Erwartungen nachdenken zu lassen.",Exaggeration
88,1,"Welche Mengenverpflichtung hat Jean-Claude Juncker bezüglich des Sojabohnenkaufs gemacht, um einen Handelskonflikt mit den USA zu entschärfen?","Jean-Claude Juncker machte lediglich ein eher unverbindliches Versprechen, dass die EU mehr Flüssiggas und Sojabohnen kaufen werde, um einen Handelskonflikt zu entschärfen.",Fake Fact
88,2,Wie beschreibt Gabriel Felbermayr vom Österreichischen Institut für Wirtschaftsforschung das Erbe von Donald Trump in Bezug auf den Welthandel?,"Gabriel Felbermayr vom Österreichischen Institut für Wirtschaftsforschung beschreibt das Erbe von Donald Trump als eine Ruinierung des regelbasierten Welthandels und des Vertrauens darauf, dass Regeln eingehalten werden.",Framing
88,3,Welche ökonomischen Risiken könnte eine zweite Trump-Amtszeit laut dem arbeitgebernahen Institut der Deutschen Wirtschaft mit sich bringen?,Laut dem arbeitgebernahen Institut der Deutschen Wirtschaft droht ein Verlust von bis zu 180 Milliarden Euro für Deutschland am Ende einer vierjährigen Trump-Amtszeit.,Exaggeration
89,1,"Was waren einige der Gründe für die Besorgnis der NATO während der Trump-Präsidentschaft, die in den NATO-Hauptquartieren für Anspannung sorgten?","Während der Trump-Präsidentschaft herrschte im NATO-Hauptquartier Besorgnis, weil Trump als unberechenbar galt und Alleingänge unternahm. Er ließ die Alliierten im Stich und sorgte in Regionen wie Syrien, Irak und Afghanistan für Unruhe.",Fake Fact
89,2,Wie hat Jean-Claude Juncker die Haltung von Donald Trump gegenüber Europa beschrieben?,"Jean-Claude Juncker beschrieb Trumps Haltung gegenüber Europa damit, dass Trump die Europäer nie als Alliierte empfunden habe, sondern als Gestalten, die Amerika nichts Gutes wollen.",Framing
89,3,"Was sind einige der militärischen und politischen Herausforderungen, die eine zweite Amtszeit von Donald Trump für die NATO darstellen könnte?","Eine zweite Amtszeit von Trump könnte laut Marco Overhaus zu einer sehr schweren Vorbereitungssituation führen, falls Trump die USA aus der NATO herausführt oder die amerikanischen Truppen in großer Zahl aus Europa abzieht. Es gibt auch politische Bedenken, wie die Möglichkeit, dass Washington anfängt, NATO-Verbündete gegeneinander auszuspielen.",Exaggeration
8,1,Welche Rolle wurde Elon Musk in der künftigen Trump-Regierung zugedacht und mit welcher Art von Unternehmen ist er hauptsächlich verbunden?,"Elon Musk sollte in der künftigen Trump-Regierung gemeinsam mit Vivek Ramaswamy die Führung der Abteilung für ""Regierungseffizienz"" übernehmen. Er ist hauptsächlich mit Unternehmen im Bereich des Automobilsektors (Tesla) und der Raumfahrt (SpaceX) verbunden.",Fake Fact
8,2,Warum kommentierte ein Vertreter des Pentagon die Ernennung von Pete Hegseth mit „Alle sind einfach schockiert“?,"Der Pentagon-Vertreter drückte Schock aus, weil Pete Hegseth keine politische Erfahrung oder Erfahrungen im Bereich der nationalen Sicherheit mitbringt, obwohl er als Moderator des TV-Senders Fox News bekannt ist.",Framing
8,3,"Mit welchen Aufgaben soll die von Trump geplante Abteilung für ""Regierungseffizienz"" betraut werden?","Die geplante Abteilung für ""Regierungseffizienz"" soll Aufgaben übernehmen wie das Abbau der Regierungsbürokratie, das Streichen von überflüssigen Vorschriften, die Reduzierung von verschwenderischen Ausgaben und die Umstrukturierung der Bundesbehörden.",Exaggeration
90,1,Wer ist der größte Geldgeber der Vereinten Nationen und welche Befürchtungen existieren bei einem Wahlsieg Trumps?,"Die USA sind der größte Geldgeber der Vereinten Nationen. Bei einem Wahlsieg Trumps besteht die Befürchtung, dass er die Finanzmittel für die UN kürzen könnte, was eine riesige Budgetkrise verursachen würde.",Fake Fact
90,2,Wie schätzt Kamala Harris die Bedeutung der Arbeit der Vereinten Nationen ein und welche Pläne verfolgt sie im Hinblick auf die UN?,"Kamala Harris schätzt die Arbeit der Vereinten Nationen und sie würde Bidens Bemühungen fortsetzen, die UN zu modernisieren, damit sie die Welt von heute besser repräsentieren kann.",Framing
90,3,Wie beschreibt Richard Gowan die Bedeutung der US-Präsidentenwahl für die UN und welche konkreten Maßnahmen Trumps werden am meisten befürchtet?,"Richard Gowan erklärt, dass die US-Präsidentenwahl erhebliche Bedeutung für die Arbeit der Vereinten Nationen hat. Die Nervosität ist groß, da Donald Trump internationale Organisationen und multilaterale Zusammenarbeit ablehnt. Es wird befürchtet, dass er erneut den Rückzug aus der Weltgesundheitsorganisation, dem UN-Menschenrechtsrat und dem Pariser Klimaschutzabkommen betreiben könnte.",Exaggeration
91,1,Welche Länder unterstützen laut dem Originalartikel die israelische Reaktion auf den iranischen Raketenangriff?,"Laut dem Originalartikel sind alle G7-Staaten der Meinung, dass Israel das Recht habe, auf den iranischen Raketenangriff zu antworten, aber die Antwort sollte verhältnismäßig sein.",Fake Fact
91,2,Wie wird Bidens Haltung zu einem israelischen Angriff im Originalartikel charakterisiert?,"Im Originalartikel wird Bidens Haltung als zurückhaltend und abwägend dargestellt, indem er einen israelischen Angriff nicht unterstützt und meint, dass die Antwort verhältnismäßig sein sollte.",Framing
91,3,"Welche Maßnahmen wurden laut dem Originalartikel getroffen, um eine weitere Eskalation zu verhindern?","Laut dem Originalartikel laufen internationale Bemühungen, eine weitere Eskalation zu verhindern, nachdem der israelische Regierungschef Netanyahu Vergeltung angekündigt hat.",Exaggeration
92,1,Was kritisierte Kamala Harris in Bezug auf die Forderungen von Donald Trump zur Ukraine?,"Kamala Harris kritisierte die Forderungen von Donald Trump, dass die Ukraine sich zügig auf ein Abkommen mit Russland einlassen solle, und bezeichnete diese als gefährliche und inakzeptable Kapitulationsvorschläge.",Fake Fact
92,2,Wie hat sich Trump über den ukrainischen Staatschef Selenskyj bei einer Wahlkampfveranstaltung geäußert?,Trump äußerte sich recht abschätzig über den ukrainischen Staatschef Selenskyj bei einer Wahlkampfveranstaltung im Bundesstaat North Carolina.,Framing
92,3,Welche Zusicherungen machte Joe Biden bezüglich weiterer Militärhilfen für die Ukraine?,"Joe Biden sagte weitere Militärhilfen in Form eines großen Hilfspakets im Wert von umgerechnet fast acht Milliarden Euro zu, das unter anderem ein weiteres ""Patriot""-Flugabwehrsystem, Artilleriemunition, Drohnen und Gleitbomben enthält.",Exaggeration
93,1,Welche Maßnahmen hat die US-Regierung gegen den russischen Staatssender RT als Reaktion auf die Wahlbeeinflussung ergriffen?,"Die US-Regierung hat Sanktionen erlassen, strafrechtliche Anklagen erhoben und die Beschlagnahme von Internet-Domains angeordnet.",Fake Fact
93,2,Wie hat Justizminister Merrick Garland die Rolle der russischen Medien bei der Beeinflussung der US-Wahlen beschrieben?,"Merrick Garland hat beschrieben, dass der Kreml ahnungslose Influencer aus den USA dazu gebracht hat, die eigene Propaganda zu übernehmen.",Framing
93,3,Welche Tools wurden laut Finanzministerium von staatlich unterstützten Akteuren zur Untergrabung des Vertrauens in US-Wahlprozesse verwendet?,"Laut Finanzministerium wurden Künstliche Intelligenz, Deep Fakes und gezielte Desinformationen verwendet, um das Vertrauen in die Prozesse und Institutionen rund um US-Wahlen zu untergraben.",Exaggeration
94,1,Welche unbegründete Behauptung bezogen auf Einwanderer in Ohio hat Donald Trump während des TV-Duells aufgestellt und wurde im Originalartikel erwähnt?,"Donald Trump hatte während des TV-Duells eine unbegründete Behauptung aufgegriffen, laut der Einwanderer im US-Bundesstaat Ohio die Haustiere ihrer Nachbarn essen. Für diese Behauptung gibt es keine Belege, wie auch der Moderator klargestellt hat.",Fake Fact
94,2,Wie arbeitet Louis Jacobson als Journalist und Faktenchecker im Zusammenhang mit Politiker-Aussagen?,"Louis Jacobson arbeitet als Journalist und Faktenchecker, indem er Aussagen von Politikerinnen und Politikern aller Parteien auf ihre Richtigkeit überprüft. Er und sein Team stellen fest, dass die meisten Politiker nicht die ganze Wahrheit sagen, indem sie übertreiben, beschönigen oder unangenehme Details weglassen.",Framing
94,3,"Welche Art von Ausrüstung haben die Wahllokale in Georgia, um bei spezifischen Notfällen zu helfen, und was war der im Artikel angegebene Grund dafür?","Die Wahllokale in Georgia sind mit Narcan ausgestattet, einem Mittel, das bei Opioid-Überdosen Leben retten kann. Diese Maßnahme wurde ergriffen, weil man fürchtet, dass absichtlich mit Drogen präparierte Briefe aus Frust über die Wahlen versendet werden könnten.",Exaggeration
95,1,Welche Maßnahmen hat Meta weltweit gegen RT und andere russische Staatsmedien ergriffen?,"Meta hat RT und andere russische Staatsmedien weltweit aus den Apps des Unternehmens, darunter Facebook, Instagram, WhatsApp und Threads, verbannt, um gegen Desinformation und russische Propaganda vorzugehen.",Fake Fact
95,2,Wie hat Meta seinen Schritt gegen die russischen Staatsmedien begründet?,"Meta hat den Schritt mit dem Vorwurf der ""ausländischen Einflussnahme"" begründet, da die genannten Medien gezielte Desinformationskampagnen betreiben und die Kontrollmechanismen der Social-Media-Plattformen zu umgehen versuchen.",Framing
95,3,Wie ist der aktuelle Status von RT auf der Plattform X außerhalb der EU?,Auf der Plattform X (ehemals Twitter) sind die RT-Accounts unterdessen außerhalb der EU und einiger anderer Länder weiterhin verfügbar.,Exaggeration
9,1,Welche Rolle hat Mike Waltz in Bezug auf den Kurs der USA gegenüber China und der Ukraine gespielt?,Mike Waltz ist als Verfechter eines harten Kurses gegenüber China bekannt und forderte ein Umdenken bei der US-Unterstützung der Ukraine im russischen Angriffskrieg.,Fake Fact
9,2,Wie wurde Mike Waltz' Meinung zu China im Originalartikel beschrieben?,"Im Originalartikel wurde Mike Waltz' Haltung als hart gegenüber China beschrieben, ohne den heroischen Charakter, der im manipulierten Artikel suggeriert wird.",Framing
9,3,Wie wurde die mögliche Ernennung von Marco Rubio als Außenminister im Originalartikel charakterisiert?,"Die mögliche Ernennung von Marco Rubio als Außenminister wurde im Originalartikel beschrieben als noch nicht endgültig entschieden, jedoch mit der Feststellung, dass der künftige Präsident sich auf seine Ernennung festgelegt zu haben schien.",Exaggeration
